{
  "module_id": "M0002",
  "generated_text": "\"Module 2: Ethics\" (40min, Beginner)\nIn this lab, explore ethical principles in a hands-on environment. Complete interactive scenarios to understand confidentiality, privacy, and professional conduct. Analyze case studies and discuss implications with peers. Apply ethical decision-making frameworks to real-world situations, promoting a culture of integrity and responsibility.",
  "mcqs": [
    {
      "question": "What is the primary focus of Module 2: Ethics?",
      "options": [
        "Technical skills",
        "Ethical principles",
        "Data analysis",
        "Communication strategies"
      ],
      "correct_answer": "B"
    },
    {
      "question": "What is one of the key concepts explored in the interactive scenarios of Module 2: Ethics?",
      "options": [
        "Data visualization",
        "Confidentiality",
        "Project management",
        "Cloud computing"
      ],
      "correct_answer": "B"
    }
  ],
  "flashcards": [
    {
      "front": "Confidentiality",
      "back": "The principle of protecting sensitive information from unauthorized access"
    },
    {
      "front": "Professional conduct",
      "back": "The standards of behavior expected of professionals in their field"
    }
  ]
}