{
  "module_id": "M0001",
  "generated_text": "\"Module 1: Data\" (63 minutes, Beginner) \nTest your knowledge on data fundamentals. What is data? A) Facts and figures, B) Only numbers, or C) Opinions? Choose your answer to proceed.",
  "mcqs": [
    {
      "question": "What is data?",
      "options": [
        "A) Facts and figures",
        "B) Only numbers",
        "C) Opinions"
      ],
      "correct_answer": "A) Facts and figures"
    }
  ],
  "flashcards": [
    {
      "front": "Data",
      "back": "Facts and figures"
    }
  ]
}