{
  "module_id": "M0003",
  "duration": 80,
  "level": "Beginner",
  "description": "Explore data fundamentals in this video module. Learn to collect, organize, and analyze data using essential tools and techniques. Practical exercises and examples will help you understand data concepts and apply them in real-world scenarios.",
  "objectives": [
    "Collect data",
    "Organize data",
    "Analyze data"
  ],
  "tools": [
    "Essential tools"
  ],
  "techniques": [
    "Data collection",
    "Data organization",
    "Data analysis"
  ],
  "generated_text": "\"Module 3: Data\" (80min, Beginner) \nExplore data fundamentals in this video module. Learn to collect, organize, and analyze data using essential tools and techniques. Practical exercises and examples will help you understand data concepts and apply them in real-world scenarios."
}