{
  "module_id": "M0006",
  "generated_text": "\"Module 6: Prompting\" (67 minutes, Beginner)\nTest your knowledge on AI prompting. What is prompting? \nA) Input for AI models\nB) Output from AI models\nC) Training AI data\nChoose your answer to learn more about effective prompting techniques.",
  "mcqs": [
    {
      "question": "What is prompting?",
      "options": [
        "A) Input for AI models",
        "B) Output from AI models",
        "C) Training AI data"
      ],
      "correct_answer": "A) Input for AI models"
    }
  ],
  "flashcards": [
    {
      "front": "Prompting",
      "back": "Input for AI models"
    }
  ]
}