{
  "module_id": "M0005",
  "generated_text": "\"Module 5: Python\" is a 34-minute video for intermediate learners. This ICAIL module covers key concepts, including data structures and file operations. Through interactive examples and coding exercises, learners will practice writing efficient Python scripts and troubleshooting common errors. By the end of this module, learners will be able to apply Python to real-world problems and improve their coding skills.",
  "mcqs": [
    {
      "question": "What is the duration of the video for Module 5: Python?",
      "options": [
        "30 minutes",
        "34 minutes",
        "45 minutes",
        "60 minutes"
      ],
      "correct_answer": "B"
    },
    {
      "question": "What level of learners is the video for?",
      "options": [
        "Beginner",
        "Intermediate",
        "Advanced",
        "Expert"
      ],
      "correct_answer": "B"
    }
  ],
  "flashcards": [
    {
      "front": "Data Structures",
      "back": "A way of organizing and storing data in a computer so that it can be efficiently accessed and modified"
    },
    {
      "front": "File Operations",
      "back": "The process of creating, reading, writing, and deleting files in a computer system"
    }
  ]
}