{
  "module_id": "M0008",
  "module_name": "CV",
  "duration": 17,
  "level": "Advanced",
  "steps": [
    "Access the CV template on the lab platform",
    "Customize the template with your information, utilizing formatting options",
    "Insert relevant sections, such as a summary statement and skill highlights",
    "Experiment with layout and design elements to enhance visual appeal",
    "Save and export your CV as a PDF"
  ],
  "objective": "Create a professional CV using advanced tools",
  "skills": [
    "Formatting",
    "Layout design",
    "Visual appeal enhancement"
  ],
  "generated_text": "**Module 8: CV (17 minutes, Advanced)**\nIn this lab, you'll create a professional CV using advanced tools. \n1. Access the CV template on the lab platform.\n2. Customize the template with your information, utilizing formatting options.\n3. Insert relevant sections, such as a summary statement and skill highlights.\n4. Experiment with layout and design elements to enhance visual appeal.\n5. Save and export your CV as a PDF.\nPractice applying advanced formatting techniques to create a polished, professional CV."
}