{
  "module_id": "M0008",
  "module_name": "CV",
  "duration": 17,
  "level": "Advanced",
  "objectives": [
    "Optimize CV layout",
    "Tailor content",
    "Use action verbs",
    "Proofread"
  ],
  "tools": [
    "Word processing"
  ],
  "techniques": [
    "Clear headings",
    "Bullet points",
    "Relevant experience",
    "Impactful verbs"
  ],
  "best_practices": [
    "Concise CV",
    "Error-free formatting",
    "Effective grammar"
  ],
  "generated_text": "**Module 8: CV (17 minutes, Advanced)**\n\nIn this lab, you'll refine your CV creation skills. Open your preferred word processing tool and follow along. \n\n1. **Optimize your layout**: Use clear headings and bullet points to enhance readability.\n2. **Tailor your content**: Emphasize relevant experience and skills.\n3. **Use action verbs**: Describe achievements with impactful verbs like \"managed\" and \"created\".\n4. **Proofread**: Ensure error-free formatting and grammar.\n\nPractice creating a concise, effective CV by applying these techniques."
}