{
  "module_id": "M0006",
  "generated_text": "**Module 6: Prompting**\nTest your skills in AIIP. What is prompting? \nA) AI input \nB) Human command \nC) System response \nChoose your answer. (5 minutes)",
  "mcqs": [
    {
      "question": "What is prompting?",
      "options": [
        "A) AI input",
        "B) Human command",
        "C) System response"
      ],
      "correct_answer": "B"
    }
  ],
  "flashcards": [
    {
      "front": "Prompting",
      "back": "Human command"
    }
  ]
}