{
  "module_id": "M0006",
  "generated_text": "**Module 6: Prompting (67 minutes, Beginner)**\nTest your knowledge on AIIP prompting. What is prompting? \nA) AI input \nB) Human feedback \nC) System output \nD) Data storage \n\nChoose your answer to proceed.",
  "mcqs": [
    {
      "question": "What is prompting?",
      "options": [
        "A) AI input",
        "B) Human feedback",
        "C) System output",
        "D) Data storage"
      ],
      "correct_answer": "A"
    }
  ],
  "flashcards": [
    {
      "front": "Prompting",
      "back": "AI input"
    }
  ]
}