{
  "module_id": "M0002",
  "generated_text": "\"Module 2: Ethics\" Lab (40 minutes, Beginner)\n\nExplore ethical principles in a hands-on environment. Complete interactive scenarios to understand confidentiality, privacy, and professional conduct. Analyze case studies, discuss in small groups, and apply ethical decision-making frameworks. Practice resolving dilemmas and receive feedback.",
  "mcqs": [
    {
      "question": "What is the primary focus of Module 2: Ethics?",
      "options": [
        "Technical skills",
        "Ethical principles",
        "Business management",
        "Data analysis"
      ],
      "correct_answer": "B"
    },
    {
      "question": "What is one of the key concepts explored in the interactive scenarios?",
      "options": [
        "Cloud computing",
        "Artificial intelligence",
        "Confidentiality",
        "Networking"
      ],
      "correct_answer": "C"
    }
  ],
  "flashcards": [
    {
      "front": "Confidentiality",
      "back": "The principle of protecting sensitive information from unauthorized access"
    },
    {
      "front": "Professional conduct",
      "back": "The standards of behavior expected of professionals in a particular field"
    }
  ]
}