{
  "module_id": "M0004",
  "generated_text": "\"Module 4: Prompting\" (44min, Beginner)\nLearn effective prompting techniques to engage learners. This video covers types of prompts, crafting clear questions, and using feedback to guide learning. Practical examples and demonstrations will help you create interactive and educational experiences.",
  "mcqs": [
    {
      "question": "What is the main topic of Module 4?",
      "options": [
        "Prompting",
        "Engagement",
        "Feedback",
        "Learning"
      ],
      "correct_answer": "A"
    },
    {
      "question": "What will practical examples and demonstrations help you create?",
      "options": [
        "Passive experiences",
        "Interactive experiences",
        "Theoretical models",
        "Practical tests"
      ],
      "correct_answer": "B"
    }
  ],
  "flashcards": [
    {
      "front": "Prompting",
      "back": "Techniques to engage learners"
    },
    {
      "front": "Clear questions",
      "back": "Essential for effective prompting"
    }
  ]
}