{
  "module_id": "M0004",
  "generated_text": "In \"Module 4: Prompting\", learn the fundamentals of effective prompting. This 44-minute video covers key concepts, including prompt types, design principles, and best practices. Through interactive examples and demonstrations, beginner learners will gain practical skills to craft clear and concise prompts, enhancing communication and productivity.",
  "mcqs": [
    {
      "question": "What is the primary focus of Module 4: Prompting?",
      "options": [
        "Effective communication",
        "Productivity enhancement",
        "Prompting fundamentals",
        "Design principles"
      ],
      "correct_answer": "C"
    },
    {
      "question": "What is the duration of the video in Module 4: Prompting?",
      "options": [
        "30 minutes",
        "44 minutes",
        "60 minutes",
        "90 minutes"
      ],
      "correct_answer": "B"
    }
  ],
  "flashcards": [
    {
      "front": "Prompt types",
      "back": "Different categories of prompts used for specific purposes"
    },
    {
      "front": "Design principles",
      "back": "Guidelines for creating effective and clear prompts"
    },
    {
      "front": "Best practices",
      "back": "Recommended approaches for crafting and using prompts"
    }
  ]
}