{
  "module_id": "M0005",
  "generated_text": "\"Module 5: Python\" is a 34-minute video for intermediate learners. Explore Python fundamentals, data structures, and file handling. Learn to write efficient code, use libraries, and debug programs. Practical examples and coding exercises will reinforce your understanding. By the end of this module, you'll be able to apply Python to real-world problems and improve your programming skills.",
  "mcqs": [
    {
      "question": "What is the primary focus of Module 5: Python?",
      "options": [
        "Advanced Python topics",
        "Python fundamentals and data structures",
        "Web development with Python",
        "Machine learning with Python"
      ],
      "correct_answer": "B"
    },
    {
      "question": "What will learners be able to do by the end of Module 5: Python?",
      "options": [
        "Apply Python to real-world problems",
        "Develop complex web applications",
        "Create machine learning models",
        "Design databases"
      ],
      "correct_answer": "A"
    }
  ],
  "flashcards": [
    {
      "front": "Python fundamentals",
      "back": "Basic concepts and syntax of the Python programming language"
    },
    {
      "front": "Data structures",
      "back": "Organized collections of data, such as lists, tuples, and dictionaries"
    },
    {
      "front": "File handling",
      "back": "The process of reading from and writing to files in Python"
    }
  ]
}