{
  "module_id": "M0007",
  "title": "Module 7: Prompting",
  "duration": "55 minutes",
  "level": "Intermediate",
  "description": "In this lab, practice effective prompting techniques to guide team discussions and decision-making. Through interactive exercises, learn to craft open-ended questions, clarify expectations, and foster collaborative problem-solving. Apply prompting skills to real-world scenarios, receiving feedback and refining your approach.",
  "objectives": [
    "Craft open-ended questions",
    "Clarify expectations",
    "Foster collaborative problem-solving"
  ],
  "mcqs": [
    {
      "question": "What is the primary goal of prompting in team discussions?",
      "options": [
        "To provide answers",
        "To guide discussions",
        "To make decisions",
        "To assign tasks"
      ],
      "correct_answer": "B"
    },
    {
      "question": "What type of questions should be used to prompt team discussions?",
      "options": [
        "Closed-ended",
        "Open-ended",
        "Leading",
        "Loaded"
      ],
      "correct_answer": "B"
    }
  ],
  "flashcards": [
    {
      "front": "Prompting",
      "back": "The act of guiding team discussions and decision-making through effective questioning and clarification"
    },
    {
      "front": "Open-ended questions",
      "back": "Questions that encourage discussion and cannot be answered with a simple 'yes' or 'no'"
    }
  ],
  "generated_text": "\"Module 7: Prompting\" (55 minutes, Intermediate)\nIn this lab, practice effective prompting techniques to guide team discussions and decision-making. Through interactive exercises, learn to craft open-ended questions, clarify expectations, and foster collaborative problem-solving. Apply prompting skills to real-world scenarios, receiving feedback and refining your approach."
}