{
  "module_id": "M0008",
  "module_name": "CV",
  "duration": 17,
  "level": "Advanced",
  "steps": [
    "Customize the header with your information",
    "Tailor the summary to your experience",
    "Edit the work experience section to highlight achievements",
    "Add relevant skills and education",
    "Save and export your CV as a PDF"
  ],
  "objective": "Create a professional CV using a template",
  "skills": [
    "Formatting",
    "Readability enhancement"
  ],
  "generated_text": "**Module 8: CV (17 minutes, Advanced)**\nIn this lab, you'll create a professional CV using a template. Open the provided CV template and follow these steps:\n1. Customize the header with your information.\n2. Tailor the summary to your experience.\n3. Edit the work experience section to highlight achievements.\n4. Add relevant skills and education.\n5. Save and export your CV as a PDF.\nPractice applying advanced formatting techniques to enhance readability."
}