{
  "module_id": "M0017",
  "duration": 22,
  "level": "Intermediate",
  "description": "Explore leadership ethics, focusing on decision-making and accountability. Learn to recognize biases, prioritize transparency, and foster a culture of integrity. Practical scenarios and real-world examples will guide you in developing a strong moral compass, essential for effective leadership.",
  "learning_objectives": [
    "Recognize biases in decision-making",
    "Prioritize transparency in leadership",
    "Foster a culture of integrity"
  ],
  "key_concepts": [
    {
      "concept": "Leadership Ethics",
      "definition": "The moral principles that guide leaders in making decisions"
    },
    {
      "concept": "Moral Compass",
      "definition": "A personal guide for making ethical decisions"
    }
  ],
  "generated_text": "\"Module 17: Ethics\" (22 minutes, Intermediate)\nExplore leadership ethics, focusing on decision-making and accountability. Learn to recognize biases, prioritize transparency, and foster a culture of integrity. Practical scenarios and real-world examples will guide you in developing a strong moral compass, essential for effective leadership."
}