{
  "module_id": "M0016",
  "duration": 53,
  "topics": [
    "Text preprocessing techniques",
    "Sentiment analysis and named entity recognition",
    "Machine learning models for NLP",
    "Applications of NLP in AI"
  ],
  "instructions": "Choose the correct answer for each question. Upon completion, review your results and explore additional resources for further learning.",
  "generated_text": "**Module 16: NLP**\n**Duration: 53 minutes**\nTest your advanced knowledge of Natural Language Processing (NLP). This 53-minute quiz covers:\n1. Text preprocessing techniques\n2. Sentiment analysis and named entity recognition\n3. Machine learning models for NLP\n4. Applications of NLP in AI\n\n**Instructions:** Choose the correct answer for each question. Upon completion, review your results and explore additional resources for further learning."
}