{
  "module_id": "M0017",
  "generated_text": "\"Module 17: Ethics\" (22 minutes, Intermediate)\nExplore leadership ethics, learning to make informed decisions. Discuss real-world scenarios, analyze case studies, and develop a personal code of conduct. Apply ethical principles to your leadership style, promoting a positive and responsible work environment.",
  "mcqs": [
    {
      "question": "What is the primary focus of Module 17: Ethics?",
      "options": [
        "A) Financial management",
        "B) Leadership ethics",
        "C) Communication skills",
        "D) Team building"
      ],
      "correct_answer": "B"
    },
    {
      "question": "What is one of the key activities in Module 17: Ethics?",
      "options": [
        "A) Developing a business plan",
        "B) Analyzing case studies",
        "C) Creating a marketing strategy",
        "D) Conducting performance reviews"
      ],
      "correct_answer": "B"
    }
  ],
  "flashcards": [
    {
      "front": "Leadership ethics",
      "back": "The practice of making informed decisions that promote a positive and responsible work environment"
    },
    {
      "front": "Personal code of conduct",
      "back": "A set of principles that guide an individual's behavior and decision-making in a leadership role"
    }
  ]
}