{
  "module_id": "M0014",
  "duration": 89,
  "level": "Intermediate",
  "description": "Test your leadership ethics knowledge",
  "topics": [
    "Conflict of interest",
    "Data privacy",
    "Workplace conduct"
  ],
  "questions": 10,
  "question_type": "multiple-choice",
  "assessment": "Apply ethical principles to real-world scenarios",
  "generated_text": "\"Module 14: Ethics\" (89 minutes, Intermediate)\nTest your leadership ethics knowledge. Answer 10 multiple-choice questions on moral principles, decision-making, and responsible leadership. Topics include:\n- Conflict of interest\n- Data privacy\n- Workplace conduct\nAssess your understanding and apply ethical principles to real-world scenarios."
}