{
  "module_id": "M0012",
  "generated_text": "\"Module 12: Data\" (47 minutes, Intermediate). Effective leaders make informed decisions using data. Learn to collect, analyze, and interpret data to drive business outcomes. Understand key metrics, identify trends, and create data-driven strategies to enhance organizational performance.",
  "mcqs": [
    {
      "question": "What do effective leaders use to make informed decisions?",
      "options": [
        "Experience",
        "Data",
        "Intuition",
        "Instinct"
      ],
      "correct_answer": "B"
    },
    {
      "question": "What is the purpose of collecting and analyzing data in a business setting?",
      "options": [
        "To identify key metrics",
        "To drive business outcomes",
        "To create data-driven strategies",
        "All of the above"
      ],
      "correct_answer": "D"
    }
  ],
  "flashcards": [
    {
      "front": "Data-driven strategies",
      "back": "Strategies that are based on the analysis and interpretation of data to drive business outcomes"
    },
    {
      "front": "Key metrics",
      "back": "Important measurements that are used to evaluate and understand business performance"
    }
  ]
}