{
  "module_id": "M0012",
  "duration": 47,
  "level": "Intermediate",
  "description": "Effective leaders make data-driven decisions. Learn to collect, analyze, and interpret data to inform strategic choices.",
  "objectives": [
    "Collect data",
    "Analyze data",
    "Interpret data",
    "Identify key metrics",
    "Create data visualizations",
    "Present insights to stakeholders"
  ],
  "outcomes": [
    "Drive business outcomes",
    "Improve organizational performance"
  ],
  "topics": [
    "Data analysis",
    "Data visualization",
    "Strategic decision making"
  ],
  "generated_text": "\"Module 12: Data\" (47 minutes, Intermediate). Effective leaders make data-driven decisions. Learn to collect, analyze, and interpret data to inform strategic choices. Discover how to identify key metrics, create data visualizations, and present insights to stakeholders. Apply data analysis techniques to drive business outcomes and improve organizational performance."
}