{
  "module_id": "M0015",
  "duration": 34,
  "description": "This advanced module explores Natural Language Processing (NLP) in AIIP.",
  "topics": [
    "Text preprocessing",
    "Sentiment analysis",
    "Entity recognition"
  ],
  "learning_objectives": [
    "Understand how NLP enables machines to understand human-like language",
    "Apply NLP concepts to real-world problems",
    "Enhance AIIP skills"
  ],
  "generated_text": "**Module 15: NLP**\n**Duration: 34 minutes**\nThis advanced module explores Natural Language Processing (NLP) in AIIP. Learn how NLP enables machines to understand and generate human-like language. Key topics include:\n- Text preprocessing\n- Sentiment analysis\n- Entity recognition\nApply NLP concepts to real-world problems and enhance your AIIP skills."
}