{
  "module_id": "M0011",
  "generated_text": "\"Module 11: Python\" (81 minutes, Intermediate)\nIn this lab, practice Python programming by completing hands-on exercises. Review data types, functions, and control structures. Apply Python to real-world scenarios, such as data analysis and file manipulation. Work through guided activities to reinforce concepts and build skills.",
  "mcqs": [
    {
      "question": "What is the primary focus of Module 11?",
      "options": [
        "Java programming",
        "Python programming",
        "Data analysis",
        "File manipulation"
      ],
      "correct_answer": "B"
    },
    {
      "question": "What is one of the real-world scenarios where Python can be applied?",
      "options": [
        "Web development",
        "Data analysis",
        "Network security",
        "Artificial intelligence"
      ],
      "correct_answer": "B"
    }
  ],
  "flashcards": [
    {
      "front": "Data types",
      "back": "Basic elements of a programming language used to declare variables"
    },
    {
      "front": "Control structures",
      "back": "Elements of a programming language used to control the flow of a program"
    }
  ]
}