{
  "module_id": "M0012",
  "duration": 47,
  "level": "Intermediate",
  "description": "Effective leaders make data-driven decisions. This module covers data analysis, interpretation, and application.",
  "learning_objectives": [
    "Collect, organize, and visualize data",
    "Inform strategic choices",
    "Drive business outcomes",
    "Measure performance",
    "Identify trends, opportunities, and challenges"
  ],
  "key_concepts": [
    {
      "concept": "Data Analysis",
      "definition": "Process of evaluating data to extract insights"
    },
    {
      "concept": "Data Interpretation",
      "definition": "Process of assigning meaning to data"
    },
    {
      "concept": "Data Visualization",
      "definition": "Process of representing data in a graphical format"
    }
  ],
  "generated_text": "\"Module 12: Data\" (47 minutes, Intermediate)\nEffective leaders make data-driven decisions. This module covers data analysis, interpretation, and application. Learn to collect, organize, and visualize data to inform strategic choices, drive business outcomes, and measure performance. Discover how to identify trends, opportunities, and challenges, and develop a data-informed mindset to enhance your leadership skills."
}