{
  "module_id": "M0014",
  "module_name": "Ethics",
  "duration": 89,
  "level": "Intermediate",
  "topics": [
    "Confidentiality",
    "Bias",
    "Decision-making",
    "Accountability"
  ],
  "passing_score": 0.8,
  "reflection": "Improve your ethical leadership skills",
  "generated_text": "Module 14: Ethics (89 minutes, Intermediate)\nTest your leadership ethics knowledge. Answer 10 multiple-choice questions on:\n- Confidentiality\n- Bias\n- Decision-making\n- Accountability\nScore 80% or higher to pass. Reflect on your answers to improve your ethical leadership skills."
}