{
  "module_id": "M0013",
  "generated_text": "\"Module 13: AI Basics\" \nLearn the fundamentals of Artificial Intelligence (AI) in 40 minutes. Discover what AI is, its types, and applications. Understand machine learning and neural networks. Start with the basics and build a strong foundation in AI concepts.",
  "mcqs": [
    {
      "question": "What is the primary focus of Module 13?",
      "options": [
        "AI Basics",
        "Machine Learning",
        "Neural Networks",
        "Data Science"
      ],
      "correct_answer": "A"
    },
    {
      "question": "How long does it take to learn the fundamentals of AI in Module 13?",
      "options": [
        "30 minutes",
        "40 minutes",
        "1 hour",
        "2 hours"
      ],
      "correct_answer": "B"
    }
  ],
  "flashcards": [
    {
      "front": "Artificial Intelligence (AI)",
      "back": "The development of computer systems that can perform tasks that typically require human intelligence"
    },
    {
      "front": "Machine Learning",
      "back": "A subset of AI that involves training algorithms to learn from data and make predictions or decisions"
    },
    {
      "front": "Neural Networks",
      "back": "A type of machine learning model inspired by the structure and function of the human brain"
    }
  ]
}