{
  "module_id": "M0019",
  "generated_text": "\"Module 19: Prompting\" \nTest your knowledge on prompting tools. \nWhat is prompting? \nA) A design tool\nB) A communication technique\nC) An evaluation method\nChoose your answer. (5 minutes)",
  "mcqs": [
    {
      "question": "What is prompting?",
      "options": [
        "A) A design tool",
        "B) A communication technique",
        "C) An evaluation method"
      ],
      "correct_answer": "B"
    }
  ],
  "flashcards": [
    {
      "front": "Prompting",
      "back": "A communication technique"
    }
  ],
  "duration": 5
}