{
  "module_id": "M0018",
  "generated_text": "**Module 18: Python**\nLearn the basics of Python programming in 57 minutes. Discover variables, data types, and control structures. Understand how to write simple scripts and use libraries. Start with basic syntax and build a foundation for AI and data science applications. Begin coding with Python and enhance your skills in AIIP.",
  "mcqs": [
    {
      "question": "What is the primary focus of Module 18?",
      "options": [
        "Java Programming",
        "Python Programming",
        "Data Science",
        "AI Applications"
      ],
      "correct_answer": "B"
    },
    {
      "question": "How long does it take to learn the basics of Python programming in Module 18?",
      "options": [
        "30 minutes",
        "57 minutes",
        "1 hour",
        "2 hours"
      ],
      "correct_answer": "B"
    }
  ],
  "flashcards": [
    {
      "front": "Variables",
      "back": "Store and manipulate data in a program"
    },
    {
      "front": "Data Types",
      "back": "Classification of data into different types such as integer, string, etc."
    },
    {
      "front": "Control Structures",
      "back": "Used to control the flow of a program's execution"
    }
  ]
}