{
  "module_id": "M0010",
  "duration": 70,
  "level": "Intermediate",
  "description": "Test your knowledge on creating effective CVs",
  "num_questions": 10,
  "topics": [
    "Contact information",
    "Work experience",
    "Education and skills"
  ],
  "objectives": [
    "Tailor a CV to a job description",
    "Identify common mistakes to avoid"
  ],
  "generated_text": "Module 10: CV (70 minutes, Intermediate)\nTest your knowledge on creating effective CVs. Answer 10 multiple-choice questions to assess your understanding of CV structure, content, and formatting. Topics include:\n- Contact information\n- Work experience\n- Education and skills\nEvaluate your ability to tailor a CV to a job description and identify common mistakes to avoid."
}