{
  "module_id": "M0025",
  "generated_text": "\"Module 25: Data\" introduces beginners to data fundamentals in ICAIL. This 59-minute video covers data types, sources, and applications, with interactive examples and visual aids. Learners will understand data collection, analysis, and interpretation, and how to apply data-driven insights in ICAIL contexts.",
  "mcqs": [
    {
      "question": "What is the primary focus of Module 25: Data?",
      "options": [
        "Introduction to ICAIL",
        "Data fundamentals in ICAIL",
        "Advanced data analysis",
        "Data visualization techniques"
      ],
      "correct_answer": "B"
    },
    {
      "question": "What is the duration of the video in Module 25: Data?",
      "options": [
        "30 minutes",
        "45 minutes",
        "59 minutes",
        "90 minutes"
      ],
      "correct_answer": "C"
    }
  ],
  "flashcards": [
    {
      "front": "Data types",
      "back": "Classification of data into different categories"
    },
    {
      "front": "Data collection",
      "back": "Process of gathering data from various sources"
    },
    {
      "front": "Data analysis",
      "back": "Process of interpreting and extracting insights from data"
    }
  ]
}