{
  "module_id": "M0024",
  "generated_text": "In \"Module 24: Data\", explore the fundamentals of data analysis in ICAIL. This 21-minute video covers data types, visualization, and interpretation, with practical examples and case studies. Intermediate learners will enhance their skills in working with data, learning to extract insights and inform decisions.",
  "mcqs": [
    {
      "question": "What is the primary focus of Module 24: Data?",
      "options": [
        "Data types and visualization",
        "Data interpretation and case studies",
        "Data analysis in ICAIL",
        "All of the above"
      ],
      "correct_answer": "D"
    },
    {
      "question": "What is the duration of the video in Module 24: Data?",
      "options": [
        "15 minutes",
        "21 minutes",
        "30 minutes",
        "45 minutes"
      ],
      "correct_answer": "B"
    }
  ],
  "flashcards": [
    {
      "front": "Data types",
      "back": "Classification of data into different categories"
    },
    {
      "front": "Data visualization",
      "back": "The process of creating graphical representations of data"
    },
    {
      "front": "Data interpretation",
      "back": "The process of assigning meaning to data and drawing conclusions"
    }
  ]
}