{
  "module_id": "M0023",
  "duration": 86,
  "level": "Beginner",
  "description": "Test your leadership skills with this data-focused quiz. Answer 10 multiple-choice questions to learn how to collect, analyze, and interpret data to inform decisions.",
  "topics": [
    "data types",
    "visualization",
    "metrics"
  ],
  "objectives": [
    "collect data",
    "analyze data",
    "interpret data"
  ],
  "mcqs": [
    {
      "question": "What is the primary purpose of collecting data?",
      "options": [
        "To drive business results",
        "To inform decisions",
        "To create data visualizations",
        "To analyze metrics"
      ],
      "correct_answer": "B"
    },
    {
      "question": "Which of the following is a type of data?",
      "options": [
        "Qualitative",
        "Quantitative",
        "Both A and B",
        "Neither A nor B"
      ],
      "correct_answer": "C"
    },
    {
      "question": "What is data visualization used for?",
      "options": [
        "To collect data",
        "To analyze data",
        "To communicate insights",
        "To drive business results"
      ],
      "correct_answer": "C"
    },
    {
      "question": "What are metrics used to measure?",
      "options": [
        "Data types",
        "Data visualization",
        "Business performance",
        "Leadership skills"
      ],
      "correct_answer": "C"
    },
    {
      "question": "How many multiple-choice questions are in this quiz?",
      "options": [
        "5",
        "10",
        "15",
        "20"
      ],
      "correct_answer": "B"
    },
    {
      "question": "What is the benefit of assessing your knowledge?",
      "options": [
        "To develop practical skills",
        "To drive business results",
        "To inform decisions",
        "To collect data"
      ],
      "correct_answer": "A"
    }
  ],
  "generated_text": "\"Module 23: Data\" (86 minutes, Beginner)\nTest your leadership skills with this data-focused quiz. Answer 10 multiple-choice questions to learn how to collect, analyze, and interpret data to inform decisions. Topics include data types, visualization, and metrics. Assess your knowledge and develop practical skills to drive business results."
}