{
  "module_id": "M0025",
  "generated_text": "\"Module 25: Data\" introduces beginners to data fundamentals in ICAIL. This 59-minute video covers data types, sources, and applications, with interactive examples and visual aids. Learn to collect, analyze, and interpret data, and understand its role in informed decision-making.",
  "mcqs": [
    {
      "question": "What is the primary focus of Module 25: Data?",
      "options": [
        "Data types and sources",
        "Data analysis and interpretation",
        "Data visualization and presentation",
        "All of the above"
      ],
      "correct_answer": "D"
    },
    {
      "question": "What is the duration of the video in Module 25: Data?",
      "options": [
        "30 minutes",
        "45 minutes",
        "59 minutes",
        "90 minutes"
      ],
      "correct_answer": "C"
    }
  ],
  "flashcards": [
    {
      "front": "Data types",
      "back": "Classification of data into different categories"
    },
    {
      "front": "Data sources",
      "back": "Origins of data, such as primary or secondary sources"
    },
    {
      "front": "Data analysis",
      "back": "Process of examining and interpreting data to extract insights"
    }
  ]
}