{
  "module_id": "M0029",
  "module_name": "Python",
  "lab_details": {
    "duration": 68,
    "level": "Advanced"
  },
  "learning_objectives": [
    "Implement complex data structures and algorithms",
    "Practice object-oriented programming concepts",
    "Work with external libraries and APIs",
    "Debug and optimize code"
  ],
  "outcomes": [
    "Design and implement efficient Python solutions to real-world problems",
    "Reinforce understanding of Python and develop practical skills"
  ],
  "generated_text": "**Module 29: Python**\n**Lab (68 minutes, Advanced)**\n\nIn this hands-on lab, advanced learners will dive into Python programming. You will:\n\n* Implement complex data structures and algorithms\n* Practice object-oriented programming concepts\n* Work with external libraries and APIs\n* Debug and optimize code\n\nThrough guided exercises and independent practice, you will reinforce your understanding of Python and develop practical skills. By the end of this lab, you will be able to design and implement efficient Python solutions to real-world problems."
}