{
  "module_id": "M0020",
  "title": "Module 20: NLP",
  "description": "Learn Natural Language Processing tools to analyze and generate human-like text.",
  "duration": 29,
  "topics": [
    "sentiment analysis",
    "text classification",
    "language modeling"
  ],
  "applications": [
    "chatbots",
    "language translation"
  ],
  "level": "Intermediate",
  "tools": "NLP",
  "generated_text": "Module 20: NLP. Learn Natural Language Processing tools to analyze and generate human-like text. Discover techniques for sentiment analysis, text classification, and language modeling. Apply NLP to real-world problems, such as chatbots and language translation. Duration: 29 minutes."
}