{
  "module_id": "M0027",
  "generated_text": "\"Module 27: Ethics\" (88 minutes, Beginner)\nTest your knowledge on ethical tools use. Quiz: \n1. What is plagiarism?\n2. Why cite sources?\nChoose answers to learn ethics basics.",
  "mcqs": [
    {
      "question": "What is plagiarism?",
      "options": [
        "Using others work without credit",
        "Using own work without credit",
        "Citing sources properly",
        "None of the above"
      ],
      "correct_answer": "A"
    },
    {
      "question": "Why cite sources?",
      "options": [
        "To avoid plagiarism",
        "To show off knowledge",
        "To confuse readers",
        "To shorten the text"
      ],
      "correct_answer": "A"
    }
  ],
  "flashcards": [
    {
      "front": "Plagiarism",
      "back": "Using others work without giving them credit"
    },
    {
      "front": "Citing sources",
      "back": "Giving credit to the original author of an idea or work"
    }
  ]
}