{
  "module_id": "M0026",
  "generated_text": "In \"Module 26: Data\", advanced learners will dive into expert-level data management techniques. This 35-minute video covers data analysis, visualization, and interpretation. Key topics include:\n\n* Data modeling and mining\n* Advanced data visualization tools\n* Statistical analysis and reporting\n\nThrough real-world examples and interactive demonstrations, learners will gain hands-on experience working with complex data sets. By the end of this module, participants will be able to extract insights, identify trends, and make data-driven decisions. This video is designed for advanced learners looking to enhance their data skills and stay ahead in their field.",
  "mcqs": [
    {
      "question": "What is the primary focus of Module 26: Data?",
      "options": [
        "Data analysis and visualization",
        "Machine learning and AI",
        "Cloud computing and networking",
        "Cybersecurity and threat analysis"
      ],
      "correct_answer": "A"
    },
    {
      "question": "What is one of the key topics covered in Module 26: Data?",
      "options": [
        "Advanced data visualization tools",
        "Basic programming concepts",
        "Data structures and algorithms",
        "Web development and design"
      ],
      "correct_answer": "A"
    }
  ],
  "flashcards": [
    {
      "front": "Data modeling and mining",
      "back": "The process of creating a conceptual representation of data and extracting insights from large datasets."
    },
    {
      "front": "Advanced data visualization tools",
      "back": "Software and techniques used to create interactive and dynamic visual representations of complex data."
    },
    {
      "front": "Statistical analysis and reporting",
      "back": "The process of collecting, analyzing, and interpreting data to extract insights and inform decision-making."
    }
  ]
}