{
  "module_id": "M0027",
  "generated_text": "Module 27: Ethics (88 minutes, Beginner)\nTest your knowledge: \n1. What is ethics in the workplace?\nA) Rules and policies\nB) Moral principles guiding behavior\nC) Company culture\n\nChoose answer B) Moral principles guiding behavior.",
  "mcqs": [
    {
      "question": "What is ethics in the workplace?",
      "options": [
        "A) Rules and policies",
        "B) Moral principles guiding behavior",
        "C) Company culture"
      ],
      "correct_answer": "B"
    }
  ],
  "flashcards": [
    {
      "front": "Ethics",
      "back": "Moral principles guiding behavior"
    }
  ]
}