{
  "module_id": "M0020",
  "generated_text": "\"Module 20: NLP\" \nDiscover Natural Language Processing (NLP) tools. Learn to analyze and generate human language, improving communication and automation. Apply NLP to text and speech, enhancing workflow efficiency.",
  "mcqs": [
    {
      "question": "What does NLP stand for?",
      "options": [
        "Natural Language Toolkit",
        "Natural Language Processing",
        "Neural Language Programming",
        "Network Language Protocol"
      ],
      "correct_answer": "B"
    },
    {
      "question": "What is the primary goal of NLP?",
      "options": [
        "To improve computer vision",
        "To analyze and generate human language",
        "To enhance database management",
        "To optimize network security"
      ],
      "correct_answer": "B"
    }
  ],
  "flashcards": [
    {
      "front": "NLP",
      "back": "Natural Language Processing"
    },
    {
      "front": "Text Analysis",
      "back": "The process of extracting meaningful information from text data"
    },
    {
      "front": "Speech Recognition",
      "back": "The ability of a machine to identify and translate spoken language into text"
    }
  ]
}