{
  "module_id": "M0028",
  "duration": 11,
  "description": "This advanced video module covers the essentials of creating a compelling CV.",
  "learning_objectives": [
    "Tailor CV to specific job openings",
    "Highlight relevant skills and experience",
    "Use keywords to pass applicant tracking systems"
  ],
  "outcomes": [
    "Create a strong, effective CV",
    "Increase chances of landing an interview",
    "Showcase expertise and achieve career goals"
  ],
  "generated_text": "**Module 28: CV**\n**Duration: 11 minutes**\nThis advanced video module covers the essentials of creating a compelling CV. Learners will discover how to tailor their CV to specific job openings, highlight relevant skills and experience, and use keywords to pass applicant tracking systems. Practical tips and examples will be provided to help learners enhance their CV and increase their chances of landing an interview. By the end of this module, learners will be able to create a strong, effective CV that showcases their expertise and achieves their career goals."
}