{
  "module_id": "M0029",
  "duration": 68,
  "level": "Advanced",
  "description": "In this lab, advanced learners will dive into Python's advanced concepts.",
  "topics": [
    "Implementing decorators and generators",
    "Using lambda functions and map/reduce",
    "Working with advanced data structures (sets, dictionaries)"
  ],
  "objectives": [
    "Write efficient, Pythonic code",
    "Optimize existing programs"
  ],
  "requirements": [
    "laptop"
  ],
  "generated_text": "**Module 29: Python**\n**Duration: 68 minutes**\n**Level: Advanced**\n\nIn this lab, advanced learners will dive into Python's advanced concepts. You will practice:\n\n* Implementing decorators and generators\n* Using lambda functions and map/reduce\n* Working with advanced data structures (sets, dictionaries)\n\nThrough hands-on exercises, you will apply these concepts to real-world problems. By the end of this module, you will be able to write efficient, Pythonic code and optimize existing programs. Bring your laptop and get ready to code!"
}