{
  "module_id": "M0022",
  "duration": 76,
  "level": "Intermediate",
  "description": "Create a professional CV",
  "objectives": [
    "Tailor your objective and summary",
    "Organize education and work experience",
    "Highlight skills and achievements"
  ],
  "outcomes": [
    "Enhanced CV",
    "Improved job prospects"
  ],
  "generated_text": "\"Module 22: CV\" (76 minutes, Intermediate)\nIn this lab, create a professional CV. Follow guided steps to:\n- Tailor your objective and summary\n- Organize education and work experience\n- Highlight skills and achievements\nPractice and receive feedback to enhance your CV."
}