{
  "module_id": "M0022",
  "duration": 76,
  "level": "Intermediate",
  "description": "Create a professional CV",
  "objectives": [
    "Craft a compelling summary statement",
    "Tailor your work experience and skills",
    "Format for clarity and readability"
  ],
  "practice": "Building your own CV with guidance and feedback",
  "generated_text": "\"Module 22: CV\" (76 minutes, Intermediate)\nIn this lab, create a professional CV. Follow along with the instructor to:\n- Craft a compelling summary statement\n- Tailor your work experience and skills\n- Format for clarity and readability\nPractice building your own CV with guidance and feedback."
}