{
  "module_id": "M0022",
  "duration": 76,
  "level": "Intermediate",
  "description": "Create a professional CV",
  "objectives": [
    "Craft a compelling summary",
    "Tailor sections to your experience",
    "Use action verbs and keywords"
  ],
  "exercises": [
    {
      "type": "guided",
      "topic": "Building your CV"
    }
  ],
  "feedback": "Receive feedback on your CV",
  "generated_text": "\"Module 22: CV\" (76 minutes, Intermediate)\nIn this lab, create a professional CV. Follow along with the instructor to:\n- Craft a compelling summary\n- Tailor sections to your experience\n- Use action verbs and keywords\nPractice building your CV with guided exercises and receive feedback."
}