{
  "module_id": "M0027",
  "generated_text": "Module 27: Ethics (88 minutes, Beginner)\nTest your knowledge: \n1. What is ethics in the workplace?\nA) Rules\nB) Values\nC) Policies\nAnswer: B) Values. Learn to apply ethical principles in a professional setting.",
  "mcqs": [
    {
      "question": "What is ethics in the workplace?",
      "options": [
        "Rules",
        "Values",
        "Policies"
      ],
      "correct_answer": "B"
    }
  ],
  "flashcards": [
    {
      "front": "Ethics in the workplace",
      "back": "Values"
    }
  ],
  "duration": 88,
  "level": "Beginner"
}