{
  "module_id": "M0026",
  "generated_text": "In \"Module 26: Data\", advanced learners will dive into expert-level data management techniques. This 35-minute video covers data analysis, visualization, and interpretation. Key topics include:\n\n* Data modeling and mining\n* Advanced data visualization tools\n* Data storytelling and communication\n\nThrough interactive examples and real-world case studies, learners will develop practical skills to extract insights and drive informed decisions. By the end of this module, participants will be able to effectively collect, analyze, and present complex data to stakeholders.",
  "mcqs": [
    {
      "question": "What is the primary focus of Module 26: Data?",
      "options": [
        "Data analysis and visualization",
        "Data modeling and mining",
        "Data storytelling and communication",
        "All of the above"
      ],
      "correct_answer": "D"
    },
    {
      "question": "What is the duration of the video in Module 26: Data?",
      "options": [
        "30 minutes",
        "35 minutes",
        "40 minutes",
        "45 minutes"
      ],
      "correct_answer": "B"
    }
  ],
  "flashcards": [
    {
      "front": "Data Modeling",
      "back": "The process of creating a conceptual representation of data to extract insights and relationships."
    },
    {
      "front": "Data Visualization",
      "back": "The process of using graphical representations to communicate information and insights from data."
    },
    {
      "front": "Data Storytelling",
      "back": "The process of using narrative techniques to communicate insights and findings from data to stakeholders."
    }
  ]
}