{
  "module_id": "M0023",
  "generated_text": "\"Module 23: Data\" \nTest your leadership skills: \nWhat is data-driven decision making? \nA) Guessing \nB) Using facts \nC) Following intuition \nChoose your answer to learn more. (86 minutes, Beginner)",
  "mcqs": [
    {
      "question": "What is data-driven decision making?",
      "options": [
        "A) Guessing",
        "B) Using facts",
        "C) Following intuition"
      ],
      "correct_answer": "B) Using facts"
    }
  ],
  "flashcards": [
    {
      "front": "Data-driven decision making",
      "back": "Making decisions based on facts and data"
    }
  ],
  "duration": "86 minutes",
  "level": "Beginner"
}