{
  "module_id": "M0028",
  "title": "Module 28: CV",
  "duration": "11 minutes",
  "level": "Advanced",
  "description": "Refine your CV writing skills for ICAIL jobs",
  "topics": [
    "Key sections: summary, education, and work experience",
    "Action verbs and keywords",
    "Quantifying achievements"
  ],
  "learning_outcomes": [
    "Create a compelling CV",
    "Showcase expertise",
    "Increase chances of success in the ICAIL field"
  ],
  "mcqs": [
    {
      "question": "What is the primary focus of Module 28: CV?",
      "options": [
        "Refining CV writing skills",
        "Learning ICAIL concepts",
        "Practicing interview questions",
        "Building a professional network"
      ],
      "correct_answer": "A"
    },
    {
      "question": "Which of the following is a key section in a CV?",
      "options": [
        "Hobbies",
        "Summary",
        "References",
        "Salary expectations"
      ],
      "correct_answer": "B"
    }
  ],
  "flashcards": [
    {
      "front": "Action verbs",
      "back": "Verbs used to describe achievements and responsibilities in a CV"
    },
    {
      "front": "Quantifying achievements",
      "back": "Using numbers and statistics to demonstrate the impact of your work"
    }
  ],
  "generated_text": "\"Module 28: CV\" (11 minutes, Advanced)\n\nIn this video, we'll refine your CV writing skills. Learn how to tailor your CV to ICAIL jobs, highlighting relevant experience and skills. We'll cover:\n\n* Key sections: summary, education, and work experience\n* Action verbs and keywords\n* Quantifying achievements\n\nThrough examples and tips, you'll learn to create a compelling CV that showcases your expertise and increases your chances of success in the ICAIL field."
}