{
  "module_id": "M0038",
  "generated_text": "\"Module 38: Ethics\" introduces AIIP beginners to fundamental principles. This 50-minute video covers key concepts, real-world examples, and best practices for ethical decision-making in AI development and implementation. Learners will understand the importance of ethics in AI and how to apply ethical considerations in their work.",
  "mcqs": [
    {
      "question": "What is the primary focus of Module 38: Ethics?",
      "options": [
        "AI development",
        "Ethics in AI",
        "AI implementation",
        "Data analysis"
      ],
      "correct_answer": "B"
    },
    {
      "question": "What is covered in the 50-minute video of Module 38: Ethics?",
      "options": [
        "Only key concepts",
        "Only real-world examples",
        "Key concepts, real-world examples, and best practices",
        "None of the above"
      ],
      "correct_answer": "C"
    }
  ],
  "flashcards": [
    {
      "front": "Ethics in AI",
      "back": "The practice of considering moral principles and values in the development and implementation of artificial intelligence"
    },
    {
      "front": "Key concepts in Module 38: Ethics",
      "back": "Fundamental principles, real-world examples, and best practices for ethical decision-making"
    }
  ]
}