{
  "module_id": "M0035",
  "duration": 62,
  "level": "Intermediate",
  "description": "Explore data tools and techniques. Analyze sample datasets, practice data visualization, and learn to extract insights.",
  "objectives": [
    "Master data manipulation",
    "Interpret data",
    "Inform decisions with data"
  ],
  "topics": [
    "Data tools",
    "Data visualization",
    "Data interpretation"
  ],
  "generated_text": "\"Module 35: Data\" (62 minutes, Intermediate)\nIn this lab, explore data tools and techniques. Analyze sample datasets, practice data visualization, and learn to extract insights. Hands-on exercises will help you master data manipulation and interpretation. By the end, you'll be able to effectively work with data to inform decisions."
}