{
  "module_id": "M0032",
  "duration": 87,
  "level": "Intermediate",
  "description": "Test your knowledge on ethical principles in the workplace.",
  "topics": [
    "Confidentiality and data protection",
    "Professional conduct and boundaries",
    "Reporting misconduct and whistleblowing"
  ],
  "assessment": {
    "type": "quiz",
    "questions": 10,
    "skills": "ethical decision-making"
  },
  "generated_text": "Module 32: Ethics (87 minutes, Intermediate)\nTest your knowledge on ethical principles in the workplace. This 10-question quiz covers:\n- Confidentiality and data protection\n- Professional conduct and boundaries\n- Reporting misconduct and whistleblowing\nAssess your understanding and apply ethical decision-making skills in real-world scenarios."
}