{
  "module_id": "M0030",
  "generated_text": "\"Module 30: NLP\" (18 minutes, Beginner)\nTest your knowledge on Natural Language Processing (NLP). What is NLP? \nA) Machine learning \nB) Human language analysis \nC) Computer vision \nD) Data mining \n\nChoose your answer to proceed.",
  "mcqs": [
    {
      "question": "What is NLP?",
      "options": [
        "A) Machine learning",
        "B) Human language analysis",
        "C) Computer vision",
        "D) Data mining"
      ],
      "correct_answer": "B"
    }
  ],
  "flashcards": [
    {
      "front": "NLP",
      "back": "Natural Language Processing"
    }
  ]
}