{
  "module_id": "M0034",
  "generated_text": "In \"Module 34: Ethics,\" intermediate learners explore the principles of ethical decision-making. Through real-world scenarios and case studies, participants analyze complex situations and develop a framework for making informed, ethical choices. This 78-minute video module provides practical guidance on navigating moral dilemmas, promoting a culture of integrity, and upholding organizational values.",
  "mcqs": [
    {
      "question": "What is the primary focus of Module 34: Ethics?",
      "options": [
        "Financial management",
        "Ethical decision-making",
        "Marketing strategies",
        "Operational efficiency"
      ],
      "correct_answer": "B"
    },
    {
      "question": "How do participants in Module 34: Ethics develop their understanding of ethical choices?",
      "options": [
        "Through theoretical lectures",
        "Through real-world scenarios and case studies",
        "Through group discussions only",
        "Through written assignments"
      ],
      "correct_answer": "B"
    }
  ],
  "flashcards": [
    {
      "front": "Ethical decision-making",
      "back": "The process of making informed choices that consider the moral and ethical implications of an action or decision."
    },
    {
      "front": "Moral dilemmas",
      "back": "Situations where an individual must choose between two or more options that have conflicting moral or ethical implications."
    }
  ]
}