{
  "module_id": "M0038",
  "duration": 50,
  "level": "Beginner",
  "description": "Introduction to AI ethics, covering bias, privacy, and transparency.",
  "learning_objectives": [
    "Identify ethical concerns in AI development",
    "Address ethical concerns in AI implementation"
  ],
  "topics": [
    "Bias",
    "Privacy",
    "Transparency"
  ],
  "mcqs": [
    {
      "question": "What is the primary goal of AI ethics?",
      "options": [
        "To increase AI efficiency",
        "To reduce AI costs",
        "To ensure responsible AI practice",
        "To improve AI accuracy"
      ],
      "correct_answer": "C"
    },
    {
      "question": "Which of the following is an example of an ethical concern in AI development?",
      "options": [
        "Data privacy",
        "Model accuracy",
        "Computational power",
        "Data storage"
      ],
      "correct_answer": "A"
    }
  ],
  "flashcards": [
    {
      "front": "Bias",
      "back": "The tendency of an AI system to produce unfair or discriminatory outcomes"
    },
    {
      "front": "Transparency",
      "back": "The ability to understand and interpret the decisions made by an AI system"
    }
  ],
  "generated_text": "\"Module 38: Ethics\" (50min, Beginner) \nIntroduction to AI ethics, covering bias, privacy, and transparency. Learn to identify and address ethical concerns in AI development and implementation. Interactive examples and case studies illustrate key concepts, providing a foundation for responsible AI practice."
}