{
  "module_id": "M0037",
  "generated_text": "**Module 37: Prompting**\n**Category: Tools**\n**Duration: 30 minutes**\n**Level: Advanced**\n\nTest your knowledge on prompting tools. Choose the correct answer:\n\n1. What is prompting in AI?\na) A user input\nb) A machine output\nc) A training dataset\n\nAnswer: a) A user input\n\n2. Which tool uses prompting for text generation?\na) Chatbot\nb) Virtual Assistant\nc) Language Model\n\nAnswer: c) Language Model\n\nEvaluate your understanding of prompting tools and their applications.",
  "mcqs": [
    {
      "question": "What is prompting in AI?",
      "options": [
        "A user input",
        "A machine output",
        "A training dataset"
      ],
      "correct_answer": "A user input"
    },
    {
      "question": "Which tool uses prompting for text generation?",
      "options": [
        "Chatbot",
        "Virtual Assistant",
        "Language Model"
      ],
      "correct_answer": "Language Model"
    }
  ],
  "flashcards": [
    {
      "front": "Prompting in AI",
      "back": "A user input"
    },
    {
      "front": "Tool for text generation using prompting",
      "back": "Language Model"
    }
  ]
}