{
  "module_id": "M0035",
  "duration": 62,
  "level": "Intermediate",
  "description": "Explore data tools and techniques",
  "objectives": [
    "Collecting data",
    "Analyzing data",
    "Visualizing data"
  ],
  "topics": [
    "Data manipulation",
    "Data interpretation",
    "Trend identification",
    "Chart creation",
    "Decision making"
  ],
  "generated_text": "\"Module 35: Data\" (62 minutes, Intermediate)\nIn this lab, explore data tools and techniques. Practice collecting, analyzing, and visualizing data using real-world scenarios. Learn to identify trends, create charts, and make informed decisions. Hands-on exercises will help you master data manipulation and interpretation."
}