{
  "module_id": "M0036",
  "generated_text": "\"Module 36: Data\" is an 84-minute intermediate-level training. Learn to collect, analyze, and interpret data using various tools. Understand data types, visualization, and reporting. Apply practical skills to real-world scenarios, enhancing your data management capabilities.",
  "mcqs": [
    {
      "question": "What is the primary focus of Module 36: Data?",
      "options": [
        "Data collection and analysis",
        "Data visualization and reporting",
        "Data management and interpretation",
        "All of the above"
      ],
      "correct_answer": "D"
    },
    {
      "question": "What is the duration of the Module 36: Data training?",
      "options": [
        "60 minutes",
        "84 minutes",
        "90 minutes",
        "120 minutes"
      ],
      "correct_answer": "B"
    }
  ],
  "flashcards": [
    {
      "front": "Data Types",
      "back": "Classification of data into different categories"
    },
    {
      "front": "Data Visualization",
      "back": "The process of creating graphical representations of data"
    },
    {
      "front": "Data Reporting",
      "back": "The process of presenting data insights and findings"
    }
  ]
}