{
  "module_id": "M0039",
  "generated_text": "\"Module 39: Python\" Lab (25 minutes, Intermediate)\nPractice writing Python scripts using variables, loops, and functions. Complete exercises to:\n- Declare and manipulate variables\n- Implement conditional statements and loops\n- Define and call functions\nApply problem-solving skills to real-world scenarios, reinforcing Python fundamentals.",
  "mcqs": [
    {
      "question": "What is the primary purpose of the 'Module 39: Python' lab?",
      "options": [
        "To practice writing Python scripts",
        "To learn advanced Java programming",
        "To understand database management",
        "To develop web applications"
      ],
      "correct_answer": "A"
    },
    {
      "question": "Which of the following is NOT a topic covered in the 'Module 39: Python' lab?",
      "options": [
        "Declaring variables",
        "Implementing conditional statements",
        "Defining functions",
        "Developing machine learning models"
      ],
      "correct_answer": "D"
    }
  ],
  "flashcards": [
    {
      "front": "Variables",
      "back": "Used to store and manipulate data in a Python script"
    },
    {
      "front": "Conditional Statements",
      "back": "Used to control the flow of a Python script based on conditions or decisions"
    },
    {
      "front": "Functions",
      "back": "Reusable blocks of code that perform a specific task in a Python script"
    },
    {
      "front": "Loops",
      "back": "Used to repeat a set of instructions in a Python script"
    }
  ]
}