{
  "module_id": "M0036",
  "generated_text": "\"Module 36: Data\" explores tools for collecting and analyzing data. Learn to identify data types, create datasets, and apply data visualization techniques. Understand data quality and management best practices. This 84-minute module is designed for intermediate learners, providing practical skills to enhance data-driven decision making.",
  "mcqs": [
    {
      "question": "What is the primary focus of Module 36: Data?",
      "options": [
        "Data collection and analysis",
        "Data storage and security",
        "Data visualization and reporting",
        "Data mining and machine learning"
      ],
      "correct_answer": "A"
    },
    {
      "question": "What is the duration of Module 36: Data?",
      "options": [
        "60 minutes",
        "84 minutes",
        "120 minutes",
        "180 minutes"
      ],
      "correct_answer": "B"
    }
  ],
  "flashcards": [
    {
      "front": "Data Types",
      "back": "Classification of data into different categories"
    },
    {
      "front": "Data Visualization",
      "back": "Techniques used to communicate data insights effectively"
    },
    {
      "front": "Data Quality",
      "back": "Measure of how accurate, complete, and consistent the data is"
    }
  ]
}