{
  "module_id": "M0039",
  "generated_text": "\"Module 39: Python\" Lab (25 minutes, Intermediate)\nPractice writing Python scripts using variables, loops, and functions. Complete exercises to solve real-world problems, such as data analysis and automation. Work individually to write, test, and refine your code, then share results with peers.",
  "mcqs": [
    {
      "question": "What programming language is used in Module 39?",
      "options": [
        "Java",
        "Python",
        "C++",
        "JavaScript"
      ],
      "correct_answer": "B"
    },
    {
      "question": "What is the duration of the Module 39 lab?",
      "options": [
        "15 minutes",
        "25 minutes",
        "30 minutes",
        "45 minutes"
      ],
      "correct_answer": "B"
    }
  ],
  "flashcards": [
    {
      "front": "Variables",
      "back": "Store and manipulate data in a program"
    },
    {
      "front": "Loops",
      "back": "Repeat a set of instructions in a program"
    },
    {
      "front": "Functions",
      "back": "Reusable blocks of code that perform a specific task"
    }
  ]
}