{
  "module_id": "M0033",
  "duration": 67,
  "level": "Intermediate",
  "description": "Test your knowledge of Artificial Intelligence fundamentals",
  "topics": [
    "machine learning",
    "neural networks",
    "data analysis"
  ],
  "skills_assessed": [
    "Defining AI and its types",
    "Identifying AI-powered tools",
    "Recognizing AI challenges and ethics"
  ],
  "generated_text": "\"Module 33: AI Basics\" (67 minutes, Intermediate)\nTest your knowledge of Artificial Intelligence fundamentals. This 67-minute quiz covers key concepts, including machine learning, neural networks, and data analysis. Evaluate your understanding of AI applications and limitations. Assess your skills in:\n- Defining AI and its types\n- Identifying AI-powered tools\n- Recognizing AI challenges and ethics."
}