{
  "module_id": "M0031",
  "duration": 86,
  "topics": [
    "List comprehensions",
    "Lambda functions",
    "Error handling",
    "Module imports"
  ],
  "description": "Test your advanced Python skills with this 86-minute quiz. Apply your knowledge of data structures, file operations, and object-oriented programming to solve real-world problems.",
  "assessment": {
    "type": "quiz",
    "purpose": "Demonstrate your proficiency in Python by completing this challenging quiz, designed to assess your ability to write efficient and effective code."
  },
  "generated_text": "**Module 31: Python**\n**Duration: 86 minutes**\nTest your advanced Python skills with this 86-minute quiz. Apply your knowledge of data structures, file operations, and object-oriented programming to solve real-world problems. Questions will cover topics such as:\n- List comprehensions\n- Lambda functions\n- Error handling\n- Module imports\nDemonstrate your proficiency in Python by completing this challenging quiz, designed to assess your ability to write efficient and effective code."
}