{
  "module_id": "M0048",
  "duration": 56,
  "topics": [
    "Data structures and file operations",
    "Object-Oriented Programming (OOP) concepts",
    "Error handling and debugging techniques",
    "Advanced libraries like NumPy and Pandas"
  ],
  "assessment": {
    "multiple_choice_questions": 20,
    "coding_challenges": 5
  },
  "generated_text": "**Module 48: Python**\n**Duration: 56 minutes**\nTest your advanced Python skills with this 56-minute quiz. Evaluate your knowledge of:\n* Data structures and file operations\n* Object-Oriented Programming (OOP) concepts\n* Error handling and debugging techniques\n* Advanced libraries like NumPy and Pandas\nComplete 20 multiple-choice questions and 5 coding challenges to assess your proficiency. Upon completion, review answers and explanations to reinforce your understanding of Python programming."
}