{
  "module_id": "M0044",
  "duration": 19,
  "level": "Intermediate",
  "description": "Unlock data-driven decision making. Learn to collect, analyze, and interpret data to inform leadership strategies.",
  "objectives": [
    "Collect data",
    "Analyze data",
    "Interpret data"
  ],
  "topics": [
    "Data visualization",
    "Key metrics",
    "Business outcomes"
  ],
  "mcqs": [
    {
      "question": "What is the primary goal of data-driven decision making?",
      "options": [
        "A) To collect data",
        "B) To analyze data",
        "C) To inform leadership strategies",
        "D) To drive business outcomes"
      ],
      "correct_answer": "C"
    },
    {
      "question": "What is the purpose of creating data visualizations?",
      "options": [
        "A) To identify key metrics",
        "B) To drive business outcomes",
        "C) To communicate complex data insights",
        "D) To collect data"
      ],
      "correct_answer": "C"
    }
  ],
  "flashcards": [
    {
      "front": "Data Visualization",
      "back": "The process of creating graphical representations of data to better understand and communicate complex data insights."
    },
    {
      "front": "Key Metrics",
      "back": "Quantifiable measures used to track and evaluate the performance of an organization or business."
    }
  ],
  "generated_text": "\"Module 44: Data\" (19 minutes, Intermediate) \nUnlock data-driven decision making. Learn to collect, analyze, and interpret data to inform leadership strategies. Discover how to identify key metrics, create data visualizations, and drive business outcomes. Practical examples and case studies will help you apply data insights to real-world scenarios, enhancing your leadership skills."
}