{
  "module_id": "M0045",
  "generated_text": "\"Module 45: Prompting\" \nTest your skills in using prompting tools. This 50-minute quiz is designed for intermediate learners. Evaluate your understanding of prompt types, formatting, and best practices. Complete 10 multiple-choice questions to assess your knowledge and identify areas for improvement.",
  "duration": 50,
  "level": "intermediate",
  "num_questions": 10,
  "topics": [
    "prompt types",
    "formatting",
    "best practices"
  ],
  "assessment": {
    "type": "multiple-choice",
    "purpose": "identify areas for improvement"
  }
}