{
  "module_id": "M0047",
  "duration": 53,
  "level": "Intermediate",
  "description": "Test your knowledge on ethical principles in ICAIL",
  "key_concepts": [
    "Confidentiality and data protection",
    "Bias and fairness in AI",
    "Transparency and accountability"
  ],
  "learning_objectives": [
    "Assess your understanding of ethical principles",
    "Apply ethical considerations to real-world scenarios"
  ],
  "generated_text": "Module 47: Ethics (53 minutes, Intermediate)\nTest your knowledge on ethical principles in ICAIL. This quiz covers key concepts, including:\n- Confidentiality and data protection\n- Bias and fairness in AI\n- Transparency and accountability\nAssess your understanding and apply ethical considerations to real-world scenarios."
}