{
  "module_id": "M0044",
  "duration": 19,
  "level": "Intermediate",
  "description": "Discover how to effectively collect, analyze, and interpret data to inform leadership decisions.",
  "learning_objectives": [
    "Collect data",
    "Analyze data",
    "Interpret data",
    "Identify key metrics",
    "Create data visualizations",
    "Develop a data-driven mindset"
  ],
  "mcqs": [
    {
      "question": "What is the primary purpose of collecting data in a leadership context?",
      "options": [
        "A) To drive business outcomes",
        "B) To identify key metrics",
        "C) To create data visualizations",
        "D) To develop a data-driven mindset"
      ],
      "correct_answer": "A"
    },
    {
      "question": "Which of the following is a key skill for a leader to effectively use data?",
      "options": [
        "A) Communication",
        "B) Data analysis",
        "C) Strategic planning",
        "D) All of the above"
      ],
      "correct_answer": "D"
    }
  ],
  "flashcards": [
    {
      "front": "Data-driven mindset",
      "back": "A mindset that relies on data and evidence to inform decisions"
    },
    {
      "front": "Key metrics",
      "back": "Measurable values that indicate the performance of a business or organization"
    }
  ],
  "generated_text": "\"Module 44: Data\" (19 minutes, Intermediate) \nDiscover how to effectively collect, analyze, and interpret data to inform leadership decisions. Learn to identify key metrics, create data visualizations, and develop a data-driven mindset to drive business outcomes."
}