{
  "module_id": "M0045",
  "duration": 50,
  "level": "Intermediate",
  "description": "Test your skills in using prompting tools.",
  "question": "What is prompting in instructional design?",
  "options": [
    "A) A visual aid",
    "B) A cue to elicit response",
    "C) A feedback mechanism",
    "D) A navigation tool"
  ],
  "correct_answer": "B",
  "mcqs": [
    {
      "question": "What is prompting in instructional design?",
      "options": [
        "A) A visual aid",
        "B) A cue to elicit response",
        "C) A feedback mechanism",
        "D) A navigation tool"
      ],
      "correct_answer": "B"
    }
  ],
  "flashcards": [
    {
      "front": "Prompting",
      "back": "A cue to elicit response"
    }
  ],
  "generated_text": "\"Module 45: Prompting\" (50 minutes, Intermediate)\nTest your skills in using prompting tools. Choose the correct answer:\nWhat is prompting in instructional design?\nA) A visual aid\nB) A cue to elicit response\nC) A feedback mechanism\nD) A navigation tool\n\nSelect your answer to proceed."
}