{
  "module_id": "M0048",
  "duration": 56,
  "topics": [
    "Decorators and generators",
    "Advanced data structures (sets, dictionaries)",
    "File input/output and exceptions",
    "Object-Oriented Programming (OOP) concepts"
  ],
  "num_questions": 10,
  "learning_objective": "Test your advanced Python skills",
  "call_to_action": "Choose the correct answer for each question. Upon completion, review your results and explore additional resources for further learning.",
  "generated_text": "**Module 48: Python**\n**Duration: 56 minutes**\nTest your advanced Python skills with this 10-question quiz. Topics include:\n* Decorators and generators\n* Advanced data structures (sets, dictionaries)\n* File input/output and exceptions\n* Object-Oriented Programming (OOP) concepts\nChoose the correct answer for each question. Upon completion, review your results and explore additional resources for further learning."
}