{
  "module_id": "M0046",
  "generated_text": "\"Module 46: AI Basics\" (10-minute video)\n\nFor advanced learners, this module provides an in-depth introduction to Artificial Intelligence fundamentals. Key topics include:\n\n* Machine learning types (supervised, unsupervised, reinforcement)\n* Neural network basics\n* AI applications and limitations\n\nThrough interactive visuals and real-world examples, learners will gain a deeper understanding of AI concepts and their practical applications. By the end of this module, learners will be able to explain AI basics and identify potential use cases.",
  "mcqs": [
    {
      "question": "What type of machine learning involves a teacher or labeled data?",
      "options": [
        "Supervised",
        "Unsupervised",
        "Reinforcement",
        "Deep Learning"
      ],
      "correct_answer": "Supervised"
    },
    {
      "question": "What is the primary function of a neural network?",
      "options": [
        "To store data",
        "To perform calculations",
        "To make decisions",
        "To learn patterns"
      ],
      "correct_answer": "To learn patterns"
    }
  ],
  "flashcards": [
    {
      "front": "Supervised Learning",
      "back": "A type of machine learning where the algorithm is trained on labeled data"
    },
    {
      "front": "Neural Network",
      "back": "A computer system modeled after the human brain, used for tasks such as image recognition and natural language processing"
    }
  ]
}