{
  "module_id": "M0040",
  "duration": 89,
  "topics": [
    "Data structures and file operations",
    "Object-Oriented Programming (OOP) concepts",
    "Error handling and debugging techniques",
    "Advanced libraries like NumPy and Pandas"
  ],
  "description": "Test your advanced Python skills with this 89-minute quiz. Evaluate your knowledge of advanced Python concepts and choose the correct answers to demonstrate your proficiency in Python programming.",
  "generated_text": "**Module 40: Python**\n**Duration: 89 minutes**\nTest your advanced Python skills with this 89-minute quiz. Evaluate your knowledge of:\n* Data structures and file operations\n* Object-Oriented Programming (OOP) concepts\n* Error handling and debugging techniques\n* Advanced libraries like NumPy and Pandas\nChoose the correct answers to demonstrate your proficiency in Python programming."
}