{
  "module_id": "M0042",
  "duration": 23,
  "level": "Beginner",
  "description": "Introduction to Natural Language Processing",
  "topics": [
    "NLP basics",
    "text processing",
    "sentiment analysis"
  ],
  "learning_objectives": [
    "Understand how AI models interpret human language",
    "Learn basics of NLP"
  ],
  "resources": [
    "interactive examples",
    "visual aids"
  ],
  "generated_text": "\"Module 42: NLP\" (23min, Beginner)\nIntroduction to Natural Language Processing. Learn basics of NLP, text processing, and sentiment analysis. Understand how AI models interpret human language, with interactive examples and visual aids."
}