{
  "module_id": "M0049",
  "generated_text": "**Module 49: Ethics (38 minutes, Advanced)**\n\nTest your knowledge on AI ethics. Choose the correct answer:\n\n1. What is the primary goal of AI ethics?\na) Profit maximization\nb) Human well-being\nc) Technical advancement\n\nAnswer: b) Human well-being\n\n2. Which principle ensures AI systems are transparent and explainable?\na) Accountability\nb) Fairness\nc) Explainability\n\nAnswer: c) Explainability\n\nAssess your understanding of AI ethics and its applications. Evaluate your answers to refine your knowledge and decision-making skills.",
  "mcqs": [
    {
      "question": "What is the primary goal of AI ethics?",
      "options": [
        "Profit maximization",
        "Human well-being",
        "Technical advancement"
      ],
      "correct_answer": "Human well-being"
    },
    {
      "question": "Which principle ensures AI systems are transparent and explainable?",
      "options": [
        "Accountability",
        "Fairness",
        "Explainability"
      ],
      "correct_answer": "Explainability"
    }
  ],
  "flashcards": [
    {
      "front": "Primary goal of AI ethics",
      "back": "Human well-being"
    },
    {
      "front": "Principle for transparent and explainable AI systems",
      "back": "Explainability"
    }
  ]
}