{
  "module_id": "M0041",
  "duration": 22,
  "level": "Beginner",
  "description": "Create a professional CV",
  "objectives": [
    "Identify key sections",
    "Input personal details and work experience",
    "Format for clarity and readability"
  ],
  "template": "CV template",
  "practice": "Build your own CV",
  "generated_text": "\"Module 41: CV\" (22 minutes, Beginner)\nIn this lab, create a professional CV. Follow along as we:\n- Identify key sections (contact, summary, experience)\n- Input personal details and work experience\n- Format for clarity and readability\nPractice building your own CV using a template."
}