{
  "module_id": "M0050",
  "duration": 80,
  "level": "Beginner",
  "description": "Introduction to data-driven leadership. Learn to collect, analyze, and interpret data to inform decisions.",
  "objectives": [
    "Collect data",
    "Analyze data",
    "Interpret data"
  ],
  "study_material": {
    "text": "\"Module 50: Data\" (80min, Beginner) \nIntroduction to data-driven leadership. Learn to collect, analyze, and interpret data to inform decisions. Practical examples and visual aids will guide you through the process, empowering you to lead with data confidence.",
    "visual_aids": "Practical examples"
  },
  "assessment": {
    "mcqs": [
      {
        "question": "What is the primary goal of data-driven leadership?",
        "options": [
          "A) To collect data",
          "B) To analyze and interpret data to inform decisions",
          "C) To lead without data",
          "D) To ignore data"
        ],
        "correct_answer": "B"
      },
      {
        "question": "What will guide you through the process of data-driven leadership?",
        "options": [
          "A) Theoretical examples",
          "B) Practical examples and visual aids",
          "C) Text-based instructions",
          "D) Audio instructions"
        ],
        "correct_answer": "B"
      }
    ],
    "flashcards": [
      {
        "front": "Data-driven leadership",
        "back": "Leading with data confidence by collecting, analyzing, and interpreting data to inform decisions"
      },
      {
        "front": "Key concept",
        "back": "Data confidence"
      }
    ]
  },
  "generated_text": "\"Module 50: Data\" (80min, Beginner) \nIntroduction to data-driven leadership. Learn to collect, analyze, and interpret data to inform decisions. Practical examples and visual aids will guide you through the process, empowering you to lead with data confidence."
}